eps,step,src_mean,src_std,tgt_mean,tgt_std
0.03137,5,100.0,0.0,81.54666666666667,0.36380703065712494
0.03137,10,100.0,0.0,85.08666666666666,0.16519348924484548
0.03137,20,100.0,0.0,86.18,0.3475629439396571
0.03137,40,100.0,0.0,87.3,0.08640987597876525
0.03137,60,100.0,0.0,87.02,0.40232656718971826
0.03137,80,100.0,0.0,86.85333333333334,0.47338027936204685
0.03137,100,100.0,0.0,87.08,0.1979898987322341
